{
  "1A": {
    "a": 0.7522549006661328,
    "b": 123.53943649435979,
    "r2": 0.0008839007704087689
  },
  "1B": {
    "a": 2.1866755087944325,
    "b": 116.77041378830491,
    "r2": 0.00640450866697989
  },
  "1C": {
    "a": -2.284607444091654,
    "b": 138.90401364883115,
    "r2": 0.007844534742799737
  },
  "1D": {
    "a": 0.9291636651145598,
    "b": 122.9933483902733,
    "r2": 0.0013106003247549225
  },
  "2A": {
    "a": 1.269335283505302,
    "b": 121.1774634666633,
    "r2": 0.0021219646253064816
  },
  "2B": {
    "a": 3.3540332775918946,
    "b": 111.04626266237736,
    "r2": 0.01561378317392579
  },
  "2C": {
    "a": -0.27628838394473704,
    "b": 128.93295797537664,
    "r2": 9.283700172320772e-05
  },
  "2D": {
    "a": -2.0565004393769803,
    "b": 137.30851585194753,
    "r2": 0.0067992596797027734
  },
  "3A": {
    "a": -0.8879165224462219,
    "b": 132.0781010158424,
    "r2": 0.0011220863676488395
  },
  "3B": {
    "a": -2.0056750116781124,
    "b": 137.20522191682022,
    "r2": 0.005657212788972525
  },
  "3C": {
    "a": 1.3178964724923772,
    "b": 120.16632820671369,
    "r2": 0.002621664665463675
  },
  "3D": {
    "a": 4.895403735642168,
    "b": 100.92771259759232,
    "r2": 0.039362126253869895
  },
  "4A": {
    "a": -1.8235006635670674,
    "b": 136.63210728310833,
    "r2": 0.004228125926058297
  },
  "4B": {
    "a": 3.642018031988105,
    "b": 107.34261580792621,
    "r2": 0.02153274560296824
  },
  "4C": {
    "a": 1.8603262295800487,
    "b": 119.61755655783553,
    "r2": 0.003936901995814946
  },
  "4D": {
    "a": -7.227966518255833,
    "b": 161.6944624469575,
    "r2": 0.07502461805338544
  }
}